Core,Subjects
STM90273,22108
STM90273,23115
STM90273,21212
STM90273,26134
STM90273,24109
STM90273,25300
STM90273,21214
STM90273,22208
STM90850,22107
STM90850,21129
STM90850,24108
STM90850,23115
STM90850,25300
STM90850,26134
STM90850,20100
STM90850,22207
STM90285,22108
STM90285,22208
STM90285,22157
STM90285,21214
STM90285,25300
STM90285,23115
STM90285,24109
STM90285,22605
STM90285,26134
STM90842,21597
STM90842,21393
STM90842,21493
STM90842,21063
STM90843,21067
STM90843,21068
STM90843,21072
STM90843,21071
STM90844,21076
STM90844,21252
STM90844,21596
STM90844,21073
STM90845,21077
STM90845,21060
STM90845,21075
STM90845,21065
STM90846,21069
STM90846,21074
STM90846,21064
STM90846,21062
STM90847,21070
STM90847,21492
STM90847,21066
STM90847,21061
STM90928,21440
STM90928,24109
STM90928,21654
STM90928,21227
STM90928,21644
STM90928,21643
STM90928,21698
STM90928,22108
STM90928,23115
STM90928,21555
STM91017,23115
STM91017,26134
STM91017,23506
STM91017,23566
STM91017,23508
STM91017,23571
STM91017,23567
STM91017,23568
STM91017,23509
STM91017,23005
STM91017,23600
STM91018,CBK91078
STM91018,CBK91079
STM90272,68037
STM90272,33130
STM90272,33230
STM90272,48230
STM90272,48240
STM90272,48260
STM90108,22108
STM90108,23115
STM90108,21212
STM90108,24109
STM90108,25300
STM90108,21214
STM90108,22208
STM90994,41035
STM90994,41028
STM90994,41055
STM90993,41035
STM90993,41036
STM90993,41037
STM90993,41038
STM90993,41045
STM90993,41046
STM90993,41047
STM90993,41048
STM91052,STM90832
STM91052,CBK90923
STM91052,CBK91731
STM90691,STM90832
STM90691,CBK91729
STM90691,CBK90923
STM91714,91161
STM91714,65111
STM91714,91400
STM91714,65212
STM91711,65111
STM91711,91161
STM91711,91132
STM91711,91400
STM91711,91123
STM90651,31265
STM90651,31266
STM90651,31268
STM90651,31269
STM90651,41092
STM90651,31271
STM90651,31272
STM90651,41039
STM90651,48023
STM91376,31265
STM91376,31266
STM91376,48023
STM91376,31271
STM91376,41092
STM91376,41191
STM91376,31272
STM91376,41192
STM91376,41186
STM91376,41195
STM91376,41196
STM91376,41189
STM91375,CBK91820
STM91375,CBK91821
STM90839,81511
STM90839,81512
STM90839,81513
STM90839,81514
STM90839,81515
STM90839,81516
STM90839,81524
STM90839,81522
STM90839,81531
STM90839,81532
STM90839,81525
STM90839,81541
STM90839,81523
STM90839,81521
STM90839,81528
STM91519,99221
STM91519,36200
STM91519,99220
STM91519,99222
STM91519,99223
STM90929,21227
STM90929,21510
STM90929,21643
STM90929,21440
STM91520,99221
STM91520,99220
STM91520,99222
STM91520,99223
STM91579,010046
STM91579,013404
STM91579,013407
STM91579,013408
STM91579,010048
STM91579,010049
STM91579,010047
STM91705,25300
STM91705,21212
STM91648,54001
STM91648,54002
STM91104,54000
STM91104,54001
STM91104,54002
STM91638,54403
STM91638,54406
STM91638,54402
STM91638,54409
STM91638,54405
STM91638,54407
STM91638,54408
STM91638,54404
STM91638,54401
STM91638,54414
STM91638,STM91640
STM91638,STM91641
STM91639,52698
STM91639,52680
STM91640,54410
STM91640,54412
STM91641,54411
STM91641,54413
STM91642,55500
STM91642,55501
STM91642,55502
STM91009,50824
STM91009,50825
STM91009,50826
STM90959,54003
STM90959,54001
STM90959,54002
STM91672,54001
STM91672,54002
STM91177,94663
STM91177,94662
STM91177,94658
STM91176,81539
STM91176,81538
STM91176,81540
STM91176,94665
STM91176,94657
STM90106,68037
STM90106,33130
STM90106,33230
STM90106,48230
STM90106,48240
STM90106,48250
STM90106,48260
STM90106,48270
STM90106,48210
STM91426,83119
STM91426,83621
STM91426,83622
STM91426,83231
STM91426,83882
STM91426,83233
STM91426,83724
STM91426,83341
STM91426,83721
STM91426,83722
STM91426,83723
STM91426,83821
STM91426,83822
STM91426,83823
STM91426,83000
STM91426,88834
STM91424,85502
STM91424,85503
STM91424,85202
STM91424,85001
STM91424,85840
STM91424,85302
STM91203,86004
STM91203,86005
STM91203,86008
STM91203,86009
STM91203,86529
STM91203,86113
STM91203,86114
STM91203,86221
STM91203,86222
STM91203,86223
STM91203,86006
STM91203,86007
STM91203,86530
STM91203,86533
STM91425,84610
STM91425,84111
STM91425,84116
STM91425,84611
STM91425,84118
STM91425,84117
STM91425,84711
STM91425,84909
STM91425,84811
STM91425,84813
STM91425,84910
STM91425,84911
STM91425,84712
STM91425,84812
STM91427,87631
STM91427,87100
STM91427,87632
STM91427,87222
STM91427,87731
STM91427,87441
STM91427,87443
STM91427,87009
STM91427,87012
STM91427,87010
STM91427,87011
STM91427,87832
STM91342,11273
STM91342,11212
STM91342,11214
STM91342,11274
STM91342,11216
STM91342,11206
STM91342,11275
STM91342,11248
STM91342,11207
STM91342,11276
STM91342,11222
STM91342,11225
STM91342,11277
STM91342,11232
STM91342,11278
STM91342,11247
STM90825,92511
STM90825,92512
STM90825,21655
STM90825,91429
STM90825,92521
STM90825,92523
STM90825,92524
STM90825,92533
STM90825,92555
STM90825,92530
STM90825,92536
STM90825,92542
STM90825,92543
STM90825,92544
STM90825,92547
STM90825,21658
STM90744,92667
STM90744,92668
STM90744,92669
STM90744,92670
STM90744,92671
STM90744,92672
STM90744,92673
STM90744,92354
STM90745,92674
STM90745,92675
STM90745,92676
STM90745,92677
STM90745,92678
STM90745,92679
STM90745,92680
STM90745,92681
STM90746,92682
STM90746,92684
STM90746,92685
STM90746,92686
STM90746,92687
STM90746,92688
STM90746,92689
STM90694,91314
STM90694,91239
STM90694,91401
STM90694,91195
STM90694,91178
STM90694,CBK92137
STM90694,91168
STM90694,91154
STM90694,91563
STM90694,91500
STM90694,91320
STM90694,65202
STM90694,91707
STM90694,91107
STM90694,91100
STM90694,91192
STM90694,91193
STM90694,91159
STM90694,91194
STM90694,65001
STM90694,91196
STM90694,91156
STM90694,91270
STM90697,CBK92198
STM90697,CBK92199
STM90697,STM91763
STM91471,STM91473
STM91471,STM91474
STM91471,CBK91913
STM91299,65111
STM91299,65212
STM91299,91161
STM91299,60006
STM91299,33116
STM91299,91132
STM91299,91180
STM91299,91400
STM91180,65242
STM91180,65342
STM91180,35255
STM91180,65312
STM91180,65313
STM91180,65314
STM91180,65315
STM91180,65316
STM91202,11119
STM91202,11172
STM91202,11128
STM91202,11197
STM91202,11174
STM91202,11129
STM91202,11130
STM91202,11177
STM91202,11198
STM91202,11180
STM91202,11188
STM91202,11182
STM91202,11183
STM91202,11199
STM91202,11186
STM91202,11191
STM91202,11194
STM91202,11189
STM91202,11196
STM91202,11502
STM90373,16103
STM90373,16105
STM90373,16109
STM90373,16203
STM90373,16265
STM90373,16206
STM90373,16207
STM90373,16307
STM90373,16263
STM90373,16314
STM90373,16422
STM90373,16423
STM90373,16912
STM90373,16913
STM90373,16914
STM90373,16468
STM90373,16137
STM90373,16138
STM90373,16212
STM90373,16317
STM90373,16412
STM90373,16470
STM90373,16022
STM90373,16313
STM90373,16266
STM90373,16471
STM90373,16264
STM90373,16469
STM90820,16467
STM90820,16234
STM90820,16264
STM90820,16235
STM90820,16233
STM90820,16231
STM90820,16232
STM90820,16333
STM90820,16237
STM90820,16631
STM90820,16632
STM90820,16633
STM90820,16641
STM90820,16642
STM90820,16643
STM90820,16655
STM90820,16658
STM90820,16466
STM90820,16634
STM90820,16657
STM90820,16656
STM90725,86321
STM90725,86322
STM90725,86400
STM91298,16262
STM91298,16259
STM91298,16213
STM91298,16210
STM91298,16214
STM91298,16215
STM91643,85810
STM91643,85811
STM91643,85812
STM91643,85813
STM90794,11501
STM90794,11502
STM90794,11503
STM90794,11504
STM90794,11551
STM90794,11552
STM90794,11553
STM90794,11554
STM90794,11555
STM90356,33130
STM90356,33230
STM90356,48230
STM90356,48240
STM90356,48260
STM90356,68037
STM91340,028225
STM91340,028226
STM91340,028227
STM91340,028228
STM91258,028271
STM91258,028272
STM91258,028273
STM91258,028274
STM91258,024411
STM91258,024412
STM91258,024413
STM91258,024414
STM91258,024705
STM91258,028992
STM91259,028259
STM91259,028260
STM91259,028261
STM91259,028262
STM91259,37234
STM91259,37335
STM91259,37181
STM91259,37242
STM91259,37233
STM91259,37262
STM91259,37161
STM91259,37252
STM91260,028263
STM91260,028264
STM91260,028265
STM91260,028266
STM91260,CBK91185
STM91260,STM91137
STM91260,STM91135
STM91260,STM91359
STM91260,STM91136
STM91263,028281
STM91263,028282
STM91263,23569
STM91263,23115
STM91263,23566
STM91263,23504
STM91263,23570
STM91263,25300
STM91263,23568
STM91263,23567
STM91263,23021
STM91263,21129
STM91263,23022
STM90848,43124
STM90848,48850
STM90848,48370
STM90848,48366
STM90849,43014
STM90849,43018
STM90849,43017
STM90849,43016
STM90849,43015
STM90849,41057
STM90849,CBK91080
STM91414,41086
STM91414,41088
STM91414,41089
STM91414,CBK92204
STM90107,68037
STM90107,33130
STM90107,48230
STM90107,33230
STM90107,48240
STM90107,48250
STM90107,48260
STM91472,STM91475
STM91472,CBK91914
STM91472,CBK91913
STM90829,92511
STM90829,92512
STM90829,21655
STM90829,21212
STM90829,92521
STM90829,92523
STM90829,22108
STM90829,21658
STM90829,92536
STM90829,92533
STM90829,92530
STM90829,21646
STM90829,92547
STM90829,92543
STM90829,24109
STM90829,21640
STM90829,92553
STM90829,21656
STM90829,21644
STM90829,92551
STM91460,95725
STM91460,95726
STM91460,95727
STM91460,95728
STM91460,95729
STM91460,95730
STM91460,95731
STM91460,95732
STM91460,95733
STM91460,95734
STM91460,95735
STM91460,95736
STM91460,95737
STM91460,95738
STM91460,95739
STM91460,36200
STM91523,91107
STM91523,91123
STM91523,91309
STM91523,65111
STM91523,91154
STM91523,91145
STM91523,91159
STM91173,33130
STM91173,33230
STM91173,31265
STM91173,37181
STM91173,31266
STM91173,31251
STM91173,48024
STM91173,41080
STM91173,31268
STM91173,31272
STM91173,31269
STM91173,31271
STM91173,41078
STM91173,41079
STM91173,41092
STM91173,41039
STM91172,32144
STM91172,32931
STM91172,31482
STM91312,41113
STM91312,41025
STM91313,31016
STM91313,41120
STM91313,41123
STM91313,41049
STM91313,41050
STM91303,31260
STM91303,31262
STM91303,31263
STM91303,31264
STM91303,41024
STM91303,31102
STM91303,31103
STM91303,31251
STM91303,31777
STM91303,48024
STM90990,31016
STM90990,41036
STM90990,41037
STM90990,41046
STM90990,41047
STM90990,41065
STM91373,31266
STM91373,31265
STM91373,48023
STM91373,31271
STM91373,41092
STM91373,41191
STM91373,31272
STM91373,31255
STM91373,31250
STM91373,41193
STM91374,41192
STM91374,41193
STM91374,41194
STM91374,41186
STM91374,41195
STM91374,41196
STM91629,98000
STM91629,70102
STM91629,98001
STM91629,52670
STM91629,98002
STM91629,98003
STM91629,98004
STM91629,98005
STM91629,98006
STM91631,33130
STM91631,33230
STM91631,37242
STM91631,37181
STM91631,37161
STM91631,35006
STM91631,35007
STM91631,37262
STM91631,41039
STM91631,37335
STM91631,37233
STM91631,37252
STM91631,37234
STM91631,60006
STM90680,91161
STM90680,65111
STM90680,60006
STM90680,33116
STM90680,65212
STM90680,91132
STM90680,91123
STM90680,91400
STM91521,MAJ01082
STM91521,MAJ01112
STM91630,65242
STM91630,65342
STM91630,35255
STM91630,65312
STM91630,65313
STM91630,65314
STM91630,65316
STM90832,70102
STM90832,70311
STM90832,70211
STM90832,70103
STM90832,70104
STM90832,70327
STM90832,70317
STM90832,71116
STM90832,70108
STM90832,70109
STM90832,70517
STM90832,70617
STM90832,70417
STM90832,70616
STM90832,70114
STM91181,65242
STM91181,65342
STM91181,35255
STM91181,65312
STM91181,65313
STM91181,65314
STM91181,65316
STM91002,60006
STM91002,65111
STM91002,91107
STM91002,33116
STM91002,91123
STM91002,91161
STM91002,91132
STM91002,65621
STM91514,91100
STM91514,91154
STM91514,91120
STM91514,91121
STM91514,91145
STM91514,91159
STM91514,91270
STM91514,91116
STM91514,91309
STM91514,91155
STM91514,91168
STM91514,CBK92069
STM91568,91270
STM91568,91154
STM91568,91120
STM91568,91121
STM91568,91145
STM91568,91100
STM91568,91126
STM91568,91156
STM91568,91157
STM91568,CBK92069
STM91568,91118
STM91568,21214
STM91568,52710
STM91568,91168
STM91568,48850
STM91568,91159
STM91568,52674
STM91568,99212
STM91568,21659
STM91568,21660
STM91598,91000
STM91598,65004
STM91704,65027
STM91704,65028
STM91632,35000
STM91632,35001
STM91632,37457
STM91632,37401
STM91632,35004
STM91632,35002
STM91632,35003
STM91632,37400
STM91632,37007
STM91632,37010
