C10026,MAJ08437
C10026,MAJ09401
C10026,MAJ09209
C10026,MAJ08440
C10026,MAJ08446
C10026,MAJ02041
C10026,MAJ08442
C10026,MAJ08438
C10026,MAJ08441
C10026,MAJ08981
C10026,MAJ09402
C10026,MAJ08060
C10026,MAJ08046
C10026,MAJ08063
C10026,MAJ08993
C10235,MAJ08437
C10342,MAJ08975
C10342,MAJ08976
C09071,MAJ03473
C09071,MAJ03025
C09071,MAJ03517
C09071,MAJ03028
C09071,MAJ03030
C09071,MAJ03505
C09071,MAJ03522
C09071,MAJ03541
C09071,MAJ03525
C09071,MAJ08981
C09071,MAJ08437
C09071,MAJ09209
C09071,MAJ08440
C09071,MAJ08446
C09071,MAJ08442
C09071,MAJ08438
C09071,MAJ08441
C09084,MAJ08981
C09084,MAJ08437
C09084,MAJ09209
C09084,MAJ08440
C09084,MAJ08446
C09084,MAJ08442
C09084,MAJ08438
C09084,MAJ08441
C10125,MAJ08981
C10125,MAJ08437
C10125,MAJ09209
C10125,MAJ08440
C10125,MAJ08446
C10125,MAJ08442
C10125,MAJ08438
C10125,MAJ08441
C10162,MAJ01079
C10162,MAJ01080
C10162,MAJ01085
C10162,MAJ01114
C10162,MAJ01115
C10162,MAJ01082
C10162,MAJ01112
C10162,MAJ01116
C10162,MAJ01168
C10162,MAJ08981
C10162,MAJ08437
C10162,MAJ09209
C10162,MAJ08440
C10162,MAJ08446
C10162,MAJ08442
C10162,MAJ08438
C10162,MAJ08441
C10163,MAJ08981
C10163,MAJ08437
C10163,MAJ09209
C10163,MAJ08440
C10163,MAJ08446
C10163,MAJ08442
C10163,MAJ08438
C10163,MAJ08441
C10219,MAJ08437
C10219,MAJ08438
C10219,MAJ08440
C10219,MAJ08441
C10219,MAJ08442
C10219,MAJ08446
C10219,MAJ09209
C10219,MAJ08981
C10278,MAJ08437
C10278,MAJ08438
C10278,MAJ08440
C10278,MAJ08441
C10278,MAJ08442
C10278,MAJ08446
C10278,MAJ09209
C10278,MAJ08981
C10343,MAJ08975
C10343,MAJ08976
C10355,MAJ08975
C10355,MAJ08976
C10412,MAJ08975
C10412,MAJ08976
C10412,MAJ08980
C10432,MAJ08980
C10449,MAJ08438
C10449,MAJ09209
C10450,MAJ07143
C10276,MAJ10062
C10361,MAJ09478
C10362,MAJ09481
C10363,MAJ09480
C10364,MAJ09476
C10369,MAJ09477
C10371,MAJ09479
C10451,MAJ09482
C09089,MAJ09477
C09091,MAJ09479
C09093,MAJ09478
C09094,MAJ09481
C09095,MAJ09480
C09096,MAJ09476
C09134,MAJ09477
C09135,MAJ09479
C09136,MAJ09478
C09137,MAJ09481
C09138,MAJ09482
C09139,MAJ09480
C09140,MAJ09476
C09157,MAJ10062
C10277,MAJ10062
C10359,MAJ09479
C10365,MAJ09478
C10366,MAJ09481
C10367,MAJ09480
C10368,MAJ09476
C10370,MAJ09477
C10372,MAJ09479
C10373,MAJ09481
C10374,MAJ09480
C10375,MAJ09476
C10376,MAJ09478
C10377,MAJ09477
C10378,MAJ09477
C10379,MAJ09479
C10380,MAJ09478
C10381,MAJ09481
C10382,MAJ09480
C10383,MAJ09476
C10405,MAJ09477
C10425,MAJ10025
C10434,MAJ10046
C10435,MAJ10047
C10436,MAJ10048
C10437,MAJ10049
C10438,MAJ10051
C10439,MAJ10050
C10452,MAJ09482
C10454,MAJ09482
C10455,MAJ09482
C10456,MAJ09482
C10465,MAJ10063
C10330,MAJ01100
C10330,MAJ01101
C10330,MAJ01103
C10330,MAJ01104
C10330,MAJ01110
C10330,MAJ01105
C10330,MAJ01102
C10330,MAJ01111
C10330,MAJ01126
C10209,MAJ07103
C10209,MAJ07100
C10209,MAJ07102
C10209,MAJ07101
C10406,MAJ07129
C10406,MAJ03538
C09066,MAJ03472
C09066,MAJ03001
C09066,MAJ03002
C09066,MAJ03005
C09066,MAJ03524
C09066,MAJ03007
C09066,MAJ03012
C09066,MAJ03504
C09066,MAJ03523
C09066,MAJ03537
C09066,MAJ03540
C09067,MAJ03472
C09067,MAJ03001
C09067,MAJ03002
C09067,MAJ03518
C09067,MAJ03005
C09067,MAJ03007
C09067,MAJ03012
C09067,MAJ03504
C09067,MAJ03523
C09067,MAJ03540
C09067,MAJ03524
C09067,MAJ03537
C10066,MAJ03134
C10066,MAJ03515
C10066,MAJ03413
C10066,MAJ03527
C10066,MAJ03139
C10066,MAJ03507
C10066,MAJ03520
C10066,MAJ03542
C09072,MAJ01087
C09072,MAJ01088
C09072,MAJ01091
C09072,MAJ01090
C09072,MAJ01120
C09072,MAJ01119
C09072,MAJ01089
C09072,MAJ01095
C09072,MAJ03025
C09072,MAJ03517
C09072,MAJ03028
C09072,MAJ03030
C09072,MAJ03505
C09072,MAJ03522
C09072,MAJ03541
C09072,MAJ03525
C09074,MAJ03025
C09074,MAJ03517
C09074,MAJ03028
C09074,MAJ03525
C09074,MAJ03030
C09074,MAJ03505
C09074,MAJ03522
C09074,MAJ03541
C09123,MAJ03473
C09123,MAJ03025
C09123,MAJ03517
C09123,MAJ03028
C09123,MAJ03030
C09123,MAJ03505
C09123,MAJ03522
C09123,MAJ03541
C09123,MAJ03525
C09123,MAJ09432
C09123,MAJ09434
C09123,MAJ09435
C09123,MAJ09436
C09123,MAJ09437
C09123,MAJ09438
C09123,MAJ09440
C09123,MAJ09441
C09123,MAJ09445
C09124,MAJ03473
C09124,MAJ03025
C09124,MAJ03517
C09124,MAJ03028
C09124,MAJ03030
C09124,MAJ03505
C09124,MAJ03522
C09124,MAJ03541
C09124,MAJ03525
C09124,MAJ09432
C09124,MAJ09434
C09124,MAJ09435
C09124,MAJ09436
C09124,MAJ09437
C09124,MAJ09438
C09124,MAJ09440
C09124,MAJ09441
C09124,MAJ09445
C09127,MAJ03473
C09127,MAJ03025
C09127,MAJ03517
C09127,MAJ03028
C09127,MAJ03030
C09127,MAJ03505
C09127,MAJ03522
C09127,MAJ03541
C09127,MAJ03525
C09127,MAJ09447
C09127,MAJ09448
C09127,MAJ09449
C09127,MAJ09450
C09127,MAJ09451
C09127,MAJ09452
C09128,MAJ03473
C09128,MAJ03025
C09128,MAJ03517
C09128,MAJ03028
C09128,MAJ03030
C09128,MAJ03505
C09128,MAJ03522
C09128,MAJ03541
C09128,MAJ03525
C09128,MAJ09447
C09128,MAJ09448
C09128,MAJ09449
C09128,MAJ09450
C09128,MAJ09451
C09128,MAJ09452
C09119,MAJ10053
C09119,MAJ02080
C09119,MAJ02900
C09119,MAJ03519
C09119,MAJ02092
C09119,MAJ01156
C09119,MAJ03445
C09119,MAJ01157
C09119,MAJ02901
C09119,MAJ01158
C10446,MAJ10061
C10446,MAJ10059
C10243,MAJ01100
C10243,MAJ01101
C10243,MAJ01103
C10243,MAJ01104
C10243,MAJ01110
C10243,MAJ01105
C10243,MAJ01102
C10243,MAJ01111
C10243,MAJ01126
C10422,MAJ01100
C10422,MAJ01101
C10422,MAJ01103
C10422,MAJ01104
C10422,MAJ01110
C10422,MAJ01105
C10422,MAJ01102
C10422,MAJ01111
C10422,MAJ01126
C09085,MAJ01079
C09085,MAJ01080
C09085,MAJ01085
C09085,MAJ01081
C09085,MAJ01114
C09085,MAJ01117
C09085,MAJ01082
C09085,MAJ01112
C09085,MAJ01116
C10126,MAJ01079
C10126,MAJ01080
C10126,MAJ01085
C10126,MAJ01081
C10126,MAJ01114
C10126,MAJ01117
C10126,MAJ01082
C10126,MAJ01112
C10126,MAJ01116
C10242,MAJ01100
C10242,MAJ01101
C10242,MAJ01103
C10242,MAJ01104
C10242,MAJ01110
C10242,MAJ01105
C10242,MAJ01102
C10242,MAJ01111
C10242,MAJ01126
