Major,Subject
MAJ08437,22320
MAJ08437,22321
MAJ08437,22420
MAJ08437,79014
MAJ08437,22522
MAJ08437,79017
MAJ08437,22421
MAJ08437,22319
MAJ09401,STM90559
MAJ09401,STM90558
MAJ09209,23566
MAJ09209,23567
MAJ09209,23568
MAJ09209,23571
MAJ09209,23580
MAJ09209,23005
MAJ09209,26600
MAJ09209,23569
MAJ09209,23504
MAJ09209,23505
MAJ09209,23570
MAJ09209,23509
MAJ09209,23004
MAJ09209,23021
MAJ09209,21644
MAJ09209,23002
MAJ09209,23022
MAJ09209,23508
MAJ09209,23506
MAJ09209,23507
MAJ08440,25556
MAJ08440,25624
MAJ08440,25503
MAJ08440,25410
MAJ08440,25557
MAJ08440,79014
MAJ08440,25579
MAJ08440,25999
MAJ08440,26600
MAJ08440,25574
MAJ08440,25620
MAJ08440,25602
MAJ08440,25575
MAJ08440,21644
MAJ08440,25500
MAJ08440,23507
MAJ08446,21555
MAJ08446,21036
MAJ08446,21407
MAJ08446,21037
MAJ08446,21440
MAJ08446,21512
MAJ08446,21505
MAJ08446,26600
MAJ08446,21510
MAJ08446,21644
MAJ02041,31061
MAJ02041,31266
MAJ02041,48023
MAJ02041,31269
MAJ02041,41092
MAJ02041,31245
MAJ02041,31247
MAJ02041,41900
MAJ02041,48730
MAJ02041,31251
MAJ02041,31253
MAJ02041,31260
MAJ02041,31257
MAJ02041,31258
MAJ02041,31276
MAJ02041,48024
MAJ02041,31277
MAJ02041,48433
MAJ02041,31282
MAJ02041,31268
MAJ08442,21514
MAJ08442,21510
MAJ08442,21591
MAJ08442,24220
MAJ08442,21511
MAJ08442,21506
MAJ08442,26600
MAJ08442,22240
MAJ08442,21595
MAJ08442,21555
MAJ08442,21644
MAJ08442,21440
MAJ08438,21510
MAJ08438,21512
MAJ08438,21511
MAJ08438,21440
MAJ08438,21513
MAJ08438,21504
MAJ08438,21999
MAJ08438,26600
MAJ08438,21227
MAJ08438,21595
MAJ08438,21555
MAJ08438,21644
MAJ08438,21228
MAJ08438,21591
MAJ08441,24202
MAJ08441,24309
MAJ08441,24210
MAJ08441,24415
MAJ08441,24100
MAJ08441,24211
MAJ08441,24999
MAJ08441,26600
MAJ08441,24205
MAJ08441,24104
MAJ08441,24212
MAJ08441,24220
MAJ08441,21644
MAJ08441,24331
MAJ08441,24222
MAJ08441,24224
MAJ08441,24223
MAJ08441,24306
MAJ08981,24202
MAJ08981,24210
MAJ08981,24309
MAJ08981,24101
MAJ08981,24510
MAJ08981,24211
MAJ08981,26600
MAJ08981,52662
MAJ08981,24104
MAJ08981,21644
MAJ08981,24207
MAJ08981,52663
MAJ09402,23566
MAJ09402,23506
MAJ09402,23567
MAJ09402,23568
MAJ09402,23571
MAJ09402,23580
MAJ09402,23005
MAJ09402,26600
MAJ09402,23569
MAJ09402,23504
MAJ09402,23505
MAJ09402,23570
MAJ09402,23509
MAJ09402,23004
MAJ09402,23021
MAJ09402,21644
MAJ09402,23002
MAJ09402,23022
MAJ09402,23508
MAJ09402,23507
MAJ08060,25624
MAJ08060,25556
MAJ08060,25503
MAJ08060,25557
MAJ08060,25410
MAJ08060,79014
MAJ08060,25579
MAJ08060,25999
MAJ08060,26600
MAJ08060,25574
MAJ08060,25620
MAJ08060,25602
MAJ08060,25575
MAJ08060,21644
MAJ08060,25500
MAJ08060,23507
MAJ08046,21440
MAJ08046,21227
MAJ08046,21510
MAJ08046,21511
MAJ08046,21512
MAJ08046,21513
MAJ08046,21504
MAJ08046,21228
MAJ08046,21999
MAJ08046,26600
MAJ08046,21643
MAJ08046,21595
MAJ08046,21555
MAJ08046,21644
MAJ08046,21591
MAJ08063,24202
MAJ08063,24309
MAJ08063,24210
MAJ08063,24415
MAJ08063,24331
MAJ08063,24222
MAJ08063,24223
MAJ08063,24224
MAJ08063,24100
MAJ08063,24510
MAJ08063,24211
MAJ08063,24999
MAJ08063,26600
MAJ08063,24205
MAJ08063,24104
MAJ08063,24212
MAJ08063,24220
MAJ08063,21644
MAJ08063,24306
MAJ08993,22320
MAJ08993,22321
MAJ08993,22420
MAJ08993,79014
MAJ08993,22522
MAJ08993,79017
MAJ08993,22421
MAJ08993,22319
MAJ08993,26600
MAJ08993,22016
MAJ08993,22430
MAJ08993,22573
MAJ08993,22431
MAJ08993,21644
MAJ08975,21637
MAJ08975,21639
MAJ08975,21640
MAJ08975,21650
MAJ08975,21653
MAJ08975,21664
MAJ08975,21638
MAJ08975,26600
MAJ08975,21699
MAJ08976,21655
MAJ08976,21658
MAJ08976,21646
MAJ08976,21657
MAJ08976,21656
MAJ08976,21649
MAJ08976,21635
MAJ08976,26600
MAJ08976,21699
MAJ03473,41160
MAJ03473,48023
MAJ03473,48510
MAJ03473,41099
MAJ03473,91161
MAJ03473,91400
MAJ03473,65111
MAJ03473,91148
MAJ03473,31061
MAJ03473,31250
MAJ03473,42722
MAJ03473,42724
MAJ03473,42026
MAJ03473,26101
MAJ03473,42001
MAJ03473,49261
MAJ03473,41161
MAJ03473,41029
MAJ03473,41030
MAJ03473,41162
MAJ03473,41163
MAJ03473,43021
MAJ03473,43022
MAJ03025,48310
MAJ03025,48321
MAJ03025,60101
MAJ03025,48331
MAJ03025,48330
MAJ03025,48641
MAJ03025,48349
MAJ03025,48340
MAJ03025,48352
MAJ03025,48353
MAJ03025,48350
MAJ03025,48366
MAJ03025,48389
MAJ03025,48370
MAJ03025,48221
MAJ03025,41029
MAJ03025,41030
MAJ03025,48360
MAJ03025,48362
MAJ03025,48320
MAJ03517,41082
MAJ03517,41091
MAJ03517,41029
MAJ03517,41030
MAJ03517,STM91184
MAJ03517,41039
MAJ03517,31250
MAJ03517,41092
MAJ03517,31271
MAJ03517,31005
MAJ03517,41001
MAJ03517,48730
MAJ03517,CBK92152
MAJ03028,STM91775
MAJ03028,STM91774
MAJ03028,CBK91781
MAJ03028,41029
MAJ03028,41030
MAJ03028,41088
MAJ03030,48610
MAJ03030,41054
MAJ03030,41053
MAJ03030,41099
MAJ03030,41056
MAJ03030,41057
MAJ03030,41058
MAJ03030,43014
MAJ03030,43017
MAJ03030,43015
MAJ03030,43018
MAJ03030,43016
MAJ03030,41059
MAJ03030,41060
MAJ03030,41066
MAJ03030,41067
MAJ03030,43019
MAJ03030,41029
MAJ03030,48221
MAJ03030,41030
MAJ03505,48610
MAJ03505,41054
MAJ03505,41053
MAJ03505,41099
MAJ03505,41056
MAJ03505,48622
MAJ03505,41058
MAJ03505,41012
MAJ03505,41014
MAJ03505,41013
MAJ03505,41059
MAJ03505,41070
MAJ03505,41068
MAJ03505,41069
MAJ03505,43019
MAJ03505,41029
MAJ03505,41039
MAJ03505,41030
MAJ03505,41302
MAJ03505,41118
MAJ03522,48024
MAJ03522,31269
MAJ03522,41039
MAJ03522,31251
MAJ03522,31271
MAJ03522,31282
MAJ03522,48433
MAJ03522,31257
MAJ03522,41029
MAJ03522,41030
MAJ03522,STM91188
MAJ03522,SMJ10157
MAJ03522,SMJ10088
MAJ03522,SMJ03067
MAJ03522,CBK91234
MAJ03522,SMJ02066
MAJ03522,SMJ02065
MAJ03522,SMJ02067
MAJ03541,48221
MAJ03541,48430
MAJ03541,41039
MAJ03541,48023
MAJ03541,48210
MAJ03541,41029
MAJ03541,41030
MAJ03541,CBK91969
MAJ03541,CBK91970
MAJ03525,STM91775
MAJ03525,STM91777
MAJ03525,STM91776
MAJ03525,CBK92204
MAJ03525,41029
MAJ03525,41030
MAJ03525,41088
MAJ01079,33130
MAJ01079,33230
MAJ01079,37252
MAJ01079,65111
MAJ01079,65202
MAJ01079,65212
MAJ01079,65306
MAJ01079,65307
MAJ01079,65409
MAJ01079,65411
MAJ01079,65508
MAJ01079,65509
MAJ01079,68075
MAJ01079,65001
MAJ01079,68101
MAJ01079,68201
MAJ01080,33130
MAJ01080,33230
MAJ01080,65111
MAJ01080,65212
MAJ01080,68101
MAJ01080,37336
MAJ01080,68201
MAJ01080,37252
MAJ01080,68075
MAJ01080,68412
MAJ01080,68206
MAJ01080,68413
MAJ01080,68606
MAJ01080,68416
MAJ01080,68316
MAJ01080,68414
MAJ01080,68320
MAJ01080,68513
MAJ01085,33130
MAJ01085,33230
MAJ01085,65111
MAJ01085,65212
MAJ01085,68101
MAJ01085,37336
MAJ01085,68201
MAJ01085,37252
MAJ01085,68075
MAJ01085,65307
MAJ01085,68206
MAJ01085,68413
MAJ01085,68606
MAJ01085,41039
MAJ01085,68414
MAJ01085,68513
MAJ01114,91161
MAJ01114,65111
MAJ01114,91400
MAJ01114,65212
MAJ01114,91314
MAJ01114,65202
MAJ01114,91401
MAJ01114,91707
MAJ01114,91320
MAJ01114,91148
MAJ01114,91239
MAJ01114,91193
MAJ01114,91195
MAJ01114,91194
MAJ01114,91563
MAJ01114,91180
MAJ01114,91705
MAJ01114,65001
MAJ01114,91709
MAJ01115,91161
MAJ01115,65111
MAJ01115,91400
MAJ01115,65212
MAJ01115,91320
MAJ01115,91314
MAJ01115,91132
MAJ01115,91142
MAJ01115,91401
MAJ01115,91369
MAJ01115,91368
MAJ01115,33116
MAJ01115,91707
MAJ01082,91107
MAJ01082,65111
MAJ01082,91123
MAJ01082,65621
MAJ01082,91154
MAJ01082,91132
MAJ01082,91100
MAJ01082,91168
MAJ01082,91161
MAJ01082,33116
MAJ01082,91145
MAJ01082,91309
MAJ01082,91121
MAJ01082,91159
MAJ01082,91116
MAJ01082,91120
MAJ01082,91270
MAJ01082,91155
MAJ01112,91107
MAJ01112,65111
MAJ01112,91123
MAJ01112,65621
MAJ01112,91154
MAJ01112,91157
MAJ01112,91120
MAJ01112,91161
MAJ01112,33116
MAJ01112,91118
MAJ01112,91132
MAJ01112,91100
MAJ01112,91121
MAJ01112,91126
MAJ01112,91145
MAJ01112,91156
MAJ01112,91270
MAJ01116,37161
MAJ01116,37181
MAJ01116,37233
MAJ01116,37234
MAJ01116,37242
MAJ01116,37252
MAJ01116,33130
MAJ01116,33230
MAJ01116,60006
MAJ01116,65111
MAJ01116,68101
MAJ01116,37262
MAJ01116,35007
MAJ01116,41039
MAJ01116,37335
MAJ01116,35005
MAJ01116,35006
MAJ01116,37495
MAJ01116,37363
MAJ01116,37336
MAJ01168,91161
MAJ01168,65111
MAJ01168,91400
MAJ01168,65212
MAJ01168,91314
MAJ01168,91320
MAJ01168,91132
MAJ01168,91500
MAJ01168,91401
MAJ01168,91563
MAJ01168,91142
MAJ01168,CBK90811
MAJ08980,21662
MAJ08980,21664
MAJ08980,21663
MAJ08980,81539
MAJ08980,94663
MAJ08980,81538
MAJ08980,81540
MAJ08980,26600
MAJ08980,21699
MAJ07143,013235
MAJ07143,013236
MAJ07143,013170
MAJ07143,013241
MAJ07143,013242
MAJ07143,CBK91921
MAJ10062,50816
MAJ10062,50817
MAJ10062,50818
MAJ10062,50819
MAJ10062,50820
MAJ10062,50823
MAJ10062,50824
MAJ10062,50825
MAJ10062,50826
MAJ10062,54003
MAJ09478,52640
MAJ09478,52641
MAJ09478,52642
MAJ09478,52643
MAJ09478,52644
MAJ09478,52645
MAJ09478,52646
MAJ09478,52647
MAJ09481,52650
MAJ09481,52651
MAJ09481,52652
MAJ09481,52653
MAJ09481,52654
MAJ09481,52655
MAJ09481,52656
MAJ09481,52657
MAJ09480,52660
MAJ09480,52661
MAJ09480,52662
MAJ09480,52663
MAJ09480,52664
MAJ09480,52665
MAJ09480,52666
MAJ09480,52667
MAJ09476,52670
MAJ09476,52671
MAJ09476,52672
MAJ09476,52673
MAJ09476,52674
MAJ09476,52675
MAJ09476,52676
MAJ09476,52677
MAJ09477,52690
MAJ09477,52691
MAJ09477,52692
MAJ09477,52650
MAJ09477,52694
MAJ09477,52695
MAJ09477,52696
MAJ09477,52697
MAJ09479,52680
MAJ09479,52681
MAJ09479,52682
MAJ09479,52683
MAJ09479,52684
MAJ09479,52685
MAJ09479,52686
MAJ09479,52687
MAJ09482,52640
MAJ09482,52680
MAJ09482,52703
MAJ09482,52664
MAJ09482,52705
MAJ09482,21212
MAJ09482,25300
MAJ09482,52708
MAJ10025,50816
MAJ10025,50817
MAJ10025,50818
MAJ10025,50819
MAJ10025,50820
MAJ10025,50823
MAJ10046,52900
MAJ10046,52645
MAJ10046,52646
MAJ10046,52640
MAJ10046,52642
MAJ10046,52901
MAJ10046,52641
MAJ10046,52647
MAJ10046,52643
MAJ10046,52644
MAJ10047,52900
MAJ10047,52653
MAJ10047,52656
MAJ10047,52652
MAJ10047,52654
MAJ10047,52651
MAJ10047,52657
MAJ10047,52655
MAJ10047,52901
MAJ10047,52650
MAJ10048,STM91124
MAJ10048,STM91123
MAJ10048,52900
MAJ10048,52901
MAJ10048,52661
MAJ10048,52667
MAJ10049,52900
MAJ10049,52672
MAJ10049,52674
MAJ10049,52671
MAJ10049,52675
MAJ10049,52901
MAJ10049,52676
MAJ10049,52673
MAJ10049,52677
MAJ10049,52670
MAJ10051,52900
MAJ10051,52695
MAJ10051,52692
MAJ10051,52697
MAJ10051,52690
MAJ10051,52901
MAJ10051,52696
MAJ10051,52694
MAJ10051,52650
MAJ10051,52691
MAJ10050,52900
MAJ10050,52684
MAJ10050,52680
MAJ10050,52682
MAJ10050,52686
MAJ10050,52687
MAJ10050,52901
MAJ10050,52681
MAJ10050,52683
MAJ10050,52685
MAJ10063,50816
MAJ10063,50817
MAJ10063,50818
MAJ10063,50819
MAJ10063,50820
MAJ10063,50823
MAJ10063,50824
MAJ10063,50825
MAJ10063,50826
MAJ10063,54003
MAJ01100,65202
MAJ01100,65307
MAJ01100,65306
MAJ01100,65409
MAJ01100,65411
MAJ01100,65508
MAJ01100,65509
MAJ01100,65001
MAJ01100,STM91761
MAJ01101,68320
MAJ01101,68075
MAJ01101,68606
MAJ01101,68206
MAJ01101,68413
MAJ01101,68513
MAJ01101,68416
MAJ01101,68412
MAJ01101,STM91763
MAJ01103,21214
MAJ01103,79006
MAJ01103,91142
MAJ01103,91817
MAJ01103,91369
MAJ01103,91314
MAJ01103,91401
MAJ01103,91707
MAJ01103,91368
MAJ01103,91168
MAJ01103,91320
MAJ01103,65202
MAJ01103,91159
MAJ01103,91239
MAJ01103,91705
MAJ01103,65508
MAJ01103,CBK92137
MAJ01104,91500
MAJ01104,91320
MAJ01104,91314
MAJ01104,91563
MAJ01104,91401
MAJ01104,91239
MAJ01104,91195
MAJ01104,91196
MAJ01104,91192
MAJ01104,91193
MAJ01104,91178
MAJ01104,91148
MAJ01104,91180
MAJ01104,91705
MAJ01104,91129
MAJ01104,CBK92137
MAJ01110,37233
MAJ01110,37242
MAJ01110,37262
MAJ01110,37234
MAJ01110,37252
MAJ01110,37181
MAJ01110,41039
MAJ01110,CBK92069
MAJ01110,STM91762
MAJ01105,91320
MAJ01105,91314
MAJ01105,91401
MAJ01105,CBK92223
MAJ01105,CBK92224
MAJ01105,91192
MAJ01105,91193
MAJ01105,91178
MAJ01105,91142
MAJ01105,91168
MAJ01105,91195
MAJ01105,91563
MAJ01105,91500
MAJ01105,91148
MAJ01105,91239
MAJ01105,91180
MAJ01105,91705
MAJ01105,65001
MAJ01105,91196
MAJ01105,91707
MAJ01105,91709
MAJ01105,CBK92137
MAJ01102,STM90683
MAJ01102,65307
MAJ01102,68316
MAJ01102,CBK90798
MAJ01102,68414
MAJ01102,65306
MAJ01102,65411
MAJ01102,91705
MAJ01111,STM90686
MAJ01111,CBK90578
MAJ01111,37363
MAJ01111,37495
MAJ01111,37373
MAJ01111,37335
MAJ01111,35005
MAJ01111,35006
MAJ01111,37345
MAJ01111,37336
MAJ01126,CBK90656
MAJ01126,CBK90657
MAJ01126,CBK92137
MAJ07103,STM91208
MAJ07103,CBK91265
MAJ07100,STM91207
MAJ07100,CBK91262
MAJ07102,STM91209
MAJ07102,CBK91264
MAJ07101,STM91208
MAJ07101,CBK91263
MAJ07129,013238
MAJ07129,013239
MAJ07129,013241
MAJ07129,013242
MAJ07129,013181
MAJ07129,013182
MAJ07129,013246
MAJ07129,013247
MAJ07129,013248
MAJ03538,60101
MAJ03538,48610
MAJ03538,48510
MAJ03538,48310
MAJ03538,35007
MAJ03538,37233
MAJ03538,41039
MAJ03538,48024
MAJ03538,31271
MAJ03538,48433
MAJ03538,31251
MAJ03538,31264
MAJ03538,41054
MAJ03538,31080
MAJ03538,41040
MAJ03538,31263
MAJ03538,31250
MAJ03538,41082
MAJ03472,41160
MAJ03472,48023
MAJ03472,48510
MAJ03472,41099
MAJ03472,91161
MAJ03472,91400
MAJ03472,65111
MAJ03472,91148
MAJ03472,31061
MAJ03472,31250
MAJ03472,42722
MAJ03472,42724
MAJ03472,42026
MAJ03472,26101
MAJ03472,42001
MAJ03472,49261
MAJ03472,91705
MAJ03472,41161
MAJ03472,41029
MAJ03472,41030
MAJ03472,41162
MAJ03472,41163
MAJ03472,43021
MAJ03472,43022
MAJ03001,48310
MAJ03001,48321
MAJ03001,60101
MAJ03001,48331
MAJ03001,48330
MAJ03001,48641
MAJ03001,48340
MAJ03001,48352
MAJ03001,48221
MAJ03001,48320
MAJ03001,48362
MAJ03001,48360
MAJ03001,48349
MAJ03001,48353
MAJ03001,41029
MAJ03001,41030
MAJ03001,SMJ10162
MAJ03001,CBK92124
MAJ03001,SMJ10163
MAJ03002,48310
MAJ03002,48321
MAJ03002,65111
MAJ03002,48331
MAJ03002,48330
MAJ03002,48641
MAJ03002,48352
MAJ03002,48221
MAJ03002,48320
MAJ03002,48362
MAJ03002,48821
MAJ03002,48350
MAJ03002,48860
MAJ03002,48881
MAJ03002,48349
MAJ03002,48353
MAJ03002,48360
MAJ03002,41029
MAJ03002,41030
MAJ03002,CBK91895
MAJ03005,STM91775
MAJ03005,STM91774
MAJ03005,CBK91781
MAJ03005,41029
MAJ03005,41030
MAJ03005,41088
MAJ03005,41089
MAJ03524,STM91775
MAJ03524,STM91777
MAJ03524,STM91776
MAJ03524,CBK92204
MAJ03524,41029
MAJ03524,41030
MAJ03524,41088
MAJ03524,41089
MAJ03007,48610
MAJ03007,41054
MAJ03007,41053
MAJ03007,41099
MAJ03007,41056
MAJ03007,41057
MAJ03007,41058
MAJ03007,43014
MAJ03007,43017
MAJ03007,43016
MAJ03007,43018
MAJ03007,43015
MAJ03007,41059
MAJ03007,41060
MAJ03007,41066
MAJ03007,41067
MAJ03007,43019
MAJ03007,41029
MAJ03007,48221
MAJ03007,41030
MAJ03012,48610
MAJ03012,41054
MAJ03012,41053
MAJ03012,41099
MAJ03012,41056
MAJ03012,48622
MAJ03012,41058
MAJ03012,41012
MAJ03012,41014
MAJ03012,41013
MAJ03012,41302
MAJ03012,41118
MAJ03012,41059
MAJ03012,41070
MAJ03012,41068
MAJ03012,41069
MAJ03012,43019
MAJ03012,41029
MAJ03012,41039
MAJ03012,41030
MAJ03504,48610
MAJ03504,41054
MAJ03504,41053
MAJ03504,41099
MAJ03504,41056
MAJ03504,48622
MAJ03504,41058
MAJ03504,41012
MAJ03504,41014
MAJ03504,41013
MAJ03504,41302
MAJ03504,41118
MAJ03504,41059
MAJ03504,41070
MAJ03504,41068
MAJ03504,41069
MAJ03504,43019
MAJ03504,41029
MAJ03504,41039
MAJ03504,41030
MAJ03523,48024
MAJ03523,31269
MAJ03523,31251
MAJ03523,31271
MAJ03523,31282
MAJ03523,48433
MAJ03523,31257
MAJ03523,41029
MAJ03523,41030
MAJ03523,41039
MAJ03523,STM91189
MAJ03523,SMJ10157
MAJ03523,SMJ10088
MAJ03523,SMJ03067
MAJ03523,CBK91234
MAJ03523,SMJ02066
MAJ03523,SMJ02065
MAJ03523,SMJ02067
MAJ03537,STM91775
MAJ03537,STM91774
MAJ03537,CBK92203
MAJ03537,STM91777
MAJ03537,41029
MAJ03537,41030
MAJ03540,48221
MAJ03540,48430
MAJ03540,41039
MAJ03540,48023
MAJ03540,48210
MAJ03540,41029
MAJ03540,41030
MAJ03540,CBK91969
MAJ03540,CBK91970
MAJ03540,CBK91080
MAJ03518,41082
MAJ03518,41091
MAJ03518,41029
MAJ03518,41030
MAJ03518,STM91185
MAJ03518,41039
MAJ03518,31250
MAJ03518,41092
MAJ03518,31271
MAJ03518,31005
MAJ03518,41001
MAJ03518,48730
MAJ03518,CBK92152
MAJ03134,48310
MAJ03134,48321
MAJ03134,48320
MAJ03134,60101
MAJ03134,48331
MAJ03134,48330
MAJ03134,48641
MAJ03134,48349
MAJ03134,48340
MAJ03134,48352
MAJ03134,48353
MAJ03134,48350
MAJ03134,48221
MAJ03134,48210
MAJ03515,41082
MAJ03515,STM91183
MAJ03515,41091
MAJ03515,41039
MAJ03515,31250
MAJ03515,41092
MAJ03515,31271
MAJ03515,31005
MAJ03515,41001
MAJ03515,48730
MAJ03515,CBK92153
MAJ03413,STM91775
MAJ03413,STM91774
MAJ03413,CBK92203
MAJ03527,STM91775
MAJ03527,STM91777
MAJ03527,CBK92204
MAJ03139,48610
MAJ03139,41054
MAJ03139,41053
MAJ03139,41099
MAJ03139,41056
MAJ03139,41057
MAJ03139,41058
MAJ03139,43014
MAJ03139,43017
MAJ03139,43015
MAJ03139,41059
MAJ03139,41060
MAJ03139,41066
MAJ03139,48221
MAJ03507,48610
MAJ03507,41054
MAJ03507,41053
MAJ03507,41099
MAJ03507,41056
MAJ03507,48622
MAJ03507,41058
MAJ03507,41012
MAJ03507,41014
MAJ03507,41013
MAJ03507,41059
MAJ03507,41070
MAJ03507,41068
MAJ03507,41039
MAJ03520,48024
MAJ03520,31269
MAJ03520,41039
MAJ03520,31251
MAJ03520,31271
MAJ03520,31282
MAJ03520,48433
MAJ03520,31257
MAJ03520,SMJ10157
MAJ03520,SMJ10088
MAJ03520,SMJ03067
MAJ03520,CBK91234
MAJ03520,SMJ02066
MAJ03520,SMJ02065
MAJ03520,SMJ02067
MAJ03520,STM91186
MAJ03542,48221
MAJ03542,48430
MAJ03542,41039
MAJ03542,48023
MAJ03542,48210
MAJ03542,CBK91970
MAJ03542,CBK91080
MAJ01087,65111
MAJ01087,65212
MAJ01087,65202
MAJ01087,65306
MAJ01087,65307
MAJ01087,65409
MAJ01087,68101
MAJ01087,65411
MAJ01087,65508
MAJ01087,65509
MAJ01087,68201
MAJ01087,65001
MAJ01087,68416
MAJ01087,68206
MAJ01087,68412
MAJ01087,68413
MAJ01088,65111
MAJ01088,37252
MAJ01088,65212
MAJ01088,68201
MAJ01088,68075
MAJ01088,37336
MAJ01088,68101
MAJ01088,68413
MAJ01088,68412
MAJ01088,68416
MAJ01088,68606
MAJ01088,68206
MAJ01088,68414
MAJ01088,68320
MAJ01088,68513
MAJ01091,65111
MAJ01091,37252
MAJ01091,65212
MAJ01091,68201
MAJ01091,68075
MAJ01091,68101
MAJ01091,37336
MAJ01091,68413
MAJ01091,65307
MAJ01091,68606
MAJ01091,68206
MAJ01091,65411
MAJ01091,68320
MAJ01091,68513
MAJ01090,65111
MAJ01090,91161
MAJ01090,65212
MAJ01090,91400
MAJ01090,91320
MAJ01090,91314
MAJ01090,91563
MAJ01090,91500
MAJ01090,91401
MAJ01090,91239
MAJ01090,91195
MAJ01090,91196
MAJ01090,91192
MAJ01090,91193
MAJ01090,91148
MAJ01090,91180
MAJ01090,91705
MAJ01090,91129
MAJ01120,65111
MAJ01120,91161
MAJ01120,65212
MAJ01120,91400
MAJ01120,91320
MAJ01120,91314
MAJ01120,91707
MAJ01120,91401
MAJ01120,91132
MAJ01120,91193
MAJ01120,91195
MAJ01120,91194
MAJ01120,91563
MAJ01120,91148
MAJ01120,91180
MAJ01120,91705
MAJ01120,91709
MAJ01119,65111
MAJ01119,91161
MAJ01119,65212
MAJ01119,91400
MAJ01119,91314
MAJ01119,91142
MAJ01119,91707
MAJ01119,91369
MAJ01119,91368
MAJ01119,91401
MAJ01119,21214
MAJ01119,79006
MAJ01119,91818
MAJ01119,91180
MAJ01119,91817
MAJ01119,91705
MAJ01119,91132
MAJ01089,91107
MAJ01089,65111
MAJ01089,91123
MAJ01089,91154
MAJ01089,91168
MAJ01089,91121
MAJ01089,91120
MAJ01089,91145
MAJ01089,91155
MAJ01089,91309
MAJ01089,91126
MAJ01089,91159
MAJ01089,91157
MAJ01089,91100
MAJ01095,37161
MAJ01095,37181
MAJ01095,37233
MAJ01095,37234
MAJ01095,37252
MAJ01095,37242
MAJ01095,41039
MAJ01095,35007
MAJ01095,60006
MAJ01095,37262
MAJ01095,37335
MAJ01095,35005
MAJ01095,35006
MAJ01095,37345
MAJ01095,37495
MAJ01095,37363
MAJ01095,37336
MAJ09432,976001
MAJ09432,976602
MAJ09432,977543
MAJ09432,978543
MAJ09432,CBK90483
MAJ09434,976001
MAJ09434,976111
MAJ09434,977110
MAJ09434,978110
MAJ09434,CBK90480
MAJ09435,976001
MAJ09435,976411
MAJ09435,977410
MAJ09435,978410
MAJ09435,CBK90483
MAJ09436,976001
MAJ09436,976421
MAJ09436,977420
MAJ09436,978420
MAJ09436,CBK90485
MAJ09437,976001
MAJ09437,976431
MAJ09437,977430
MAJ09437,978430
MAJ09437,CBK90486
MAJ09438,976001
MAJ09438,976211
MAJ09438,977210
MAJ09438,978210
MAJ09438,CBK90481
MAJ09440,976001
MAJ09440,976451
MAJ09440,977450
MAJ09440,978450
MAJ09440,CBK90484
MAJ09441,976001
MAJ09441,976404
MAJ09441,977460
MAJ09441,978460
MAJ09441,CBK90417
MAJ09445,976001
MAJ09445,976502
MAJ09445,977123
MAJ09445,978123
MAJ09445,CBK90484
MAJ09447,STM91544
MAJ09447,CBK91977
MAJ09447,CBK90480
MAJ09447,CBK91975
MAJ09447,CBK91976
MAJ09448,STM91544
MAJ09448,CBK91978
MAJ09448,CBK90483
MAJ09448,CBK91975
MAJ09448,CBK91976
MAJ09449,STM91544
MAJ09449,CBK91979
MAJ09449,CBK90485
MAJ09449,CBK91975
MAJ09449,CBK91976
MAJ09450,STM91544
MAJ09450,CBK91980
MAJ09450,CBK90486
MAJ09450,CBK91975
MAJ09450,CBK91976
MAJ09451,STM91544
MAJ09451,CBK91981
MAJ09451,CBK90481
MAJ09451,CBK91975
MAJ09451,CBK91976
MAJ09452,STM91544
MAJ09452,CBK91982
MAJ09452,CBK90484
MAJ09452,CBK91975
MAJ09452,CBK91976
MAJ10053,31250
MAJ10053,41004
MAJ10053,41040
MAJ10053,31243
MAJ10053,41077
MAJ10053,32146
MAJ10053,42028
MAJ10053,43023
MAJ10053,31256
MAJ10053,43024
MAJ10053,43025
MAJ10053,31005
MAJ10053,41043
MAJ10053,42050
MAJ10053,42913
MAJ02080,31257
MAJ02080,31247
MAJ02080,31245
MAJ02080,31258
MAJ02080,31276
MAJ02080,31280
MAJ02080,31255
MAJ02080,48270
MAJ02080,31097
MAJ02080,31282
MAJ02900,48730
MAJ02900,41180
MAJ02900,41900
MAJ02900,41181
MAJ02900,41182
MAJ02900,41183
MAJ02900,41184
MAJ02900,48436
MAJ02900,41185
MAJ03519,41025
MAJ03519,31260
MAJ03519,41026
MAJ03519,48433
MAJ03519,41052
MAJ03519,31777
MAJ03519,31242
MAJ03519,41889
MAJ03519,31927
MAJ03519,41001
MAJ03519,31253
MAJ03519,41113
MAJ02092,31260
MAJ02092,31777
MAJ02092,31080
MAJ02092,41019
MAJ02092,41021
MAJ02092,41889
MAJ02092,31927
MAJ02092,31262
MAJ02092,41020
MAJ02092,31263
MAJ02092,31250
MAJ02092,31748
MAJ01156,37233
MAJ01156,37161
MAJ01156,37252
MAJ01156,37262
MAJ01156,37335
MAJ01156,37363
MAJ01156,37234
MAJ01156,35005
MAJ03445,31277
MAJ03445,31275
MAJ03445,41900
MAJ03445,48730
MAJ03445,31261
MAJ03445,31338
MAJ03445,48450
MAJ03445,32009
MAJ03445,41890
MAJ03445,41891
MAJ03445,42036
MAJ03445,48436
MAJ03445,41903
MAJ03445,48033
MAJ03445,42037
MAJ03445,32011
MAJ03445,41905
MAJ01157,37233
MAJ01157,37161
MAJ01157,37252
MAJ01157,37242
MAJ01157,37262
MAJ01157,37345
MAJ01157,37481
MAJ01157,37363
MAJ02901,37233
MAJ02901,43025
MAJ02901,41076
MAJ02901,41173
MAJ02901,41052
MAJ02901,42028
MAJ02901,41175
MAJ02901,31250
MAJ02901,31005
MAJ02901,37262
MAJ02901,37161
MAJ02901,41174
MAJ02901,41171
MAJ02901,41172
MAJ01158,37233
MAJ01158,37161
MAJ01158,37252
MAJ01158,37242
MAJ01158,37459
MAJ01158,37458
MAJ01158,37373
MAJ10061,33116
MAJ10061,31250
MAJ10061,48023
MAJ10061,48024
MAJ10061,31005
MAJ10061,32146
MAJ10061,41004
MAJ10061,31243
MAJ10061,35255
MAJ10061,35010
MAJ10061,31256
MAJ10059,37252
MAJ10059,31250
MAJ10059,48023
MAJ10059,33130
MAJ10059,48024
MAJ10059,31005
MAJ10059,32146
MAJ10059,41004
MAJ10059,31256
MAJ10059,33116
MAJ10059,31243
MAJ10059,35255
MAJ10059,37161
MAJ01081,91161
MAJ01081,65111
MAJ01081,91400
MAJ01081,65212
MAJ01081,91314
MAJ01081,91320
MAJ01081,91563
MAJ01081,91500
MAJ01081,91401
MAJ01081,91239
MAJ01081,91195
MAJ01081,91196
MAJ01081,91192
MAJ01081,91193
MAJ01081,91148
MAJ01081,91180
MAJ01081,91705
MAJ01081,91129
MAJ01117,91161
MAJ01117,65111
MAJ01117,91400
MAJ01117,65212
MAJ01117,91123
MAJ01117,91314
MAJ01117,91142
MAJ01117,91707
MAJ01117,91401
MAJ01117,91369
MAJ01117,91168
MAJ01117,91320
MAJ01117,91132
MAJ01117,91368
MAJ01117,91818
MAJ01117,91180
MAJ01117,91817
MAJ01117,91705
