Sub Major, Subjects
SMJ08195,22576
SMJ08195,26600
SMJ08195,22016
SMJ08195,22573
SMJ08195,21644
SMJ08195,22567
SMJ08195,22566
SMJ08131,24510
SMJ08131,52662
SMJ08131,52663
SMJ08131,24207
SMJ08137,24202
SMJ08137,24210
SMJ08137,24309
SMJ08137,24510
SMJ10086,24309
SMJ10086,24331
SMJ10086,31266
SMJ10086,41082
SMJ02036,31266
SMJ02036,31269
SMJ02036,31777
SMJ02036,31245
SMJ02036,31247
SMJ02036,31257
SMJ02036,31258
SMJ02036,31276
SMJ02036,31282
SMJ08120,22566
SMJ08120,22567
SMJ08120,22573
SMJ08120,22574
SMJ08120,22575
SMJ08120,22576
SMJ09030,70110
SMJ09030,79018
SMJ09030,79014
SMJ09030,79015
SMJ09030,79032
SMJ09030,79013
SMJ09030,79033
SMJ09030,79006
SMJ09030,79603
SMJ09030,79011
SMJ09030,CBK90167
SMJ09030,79017
SMJ01007,33130
SMJ01007,37181
SMJ01007,37233
SMJ01007,37345
SMJ01007,35007
SMJ09058,23571
SMJ09058,23508
SMJ09058,23509
SMJ09058,23507
SMJ09028,23566
SMJ09028,23570
SMJ09028,23568
SMJ09028,23567
SMJ09028,23571
SMJ09028,23022
SMJ09028,23506
SMJ08203,21640
SMJ08203,21650
SMJ08203,21664
SMJ08203,21639
SMJ08123,25556
SMJ08123,25624
SMJ08123,25503
SMJ08123,25574
SMJ08123,25557
SMJ08123,25620
SMJ08123,25602
SMJ08123,25575
SMJ08116,22522
SMJ08116,22319
SMJ08116,22320
SMJ08116,22420
SMJ08215,STM90704
SMJ08215,STM90705
SMJ08128,21555
SMJ08128,21510
SMJ08128,21037
SMJ08128,21036
SMJ08128,21407
SMJ02037,31061
SMJ02037,31266
SMJ02037,41092
SMJ02037,48023
SMJ02037,31268
SMJ08139,CBK90166
SMJ08129,21514
SMJ08129,21511
SMJ08129,22240
SMJ08129,21595
SMJ08129,24220
SMJ08129,21510
SMJ08129,21591
SMJ09034,STM91314
SMJ09034,STM91315
SMJ09034,STM91316
SMJ09034,STM91317
SMJ09034,STM91318
SMJ09034,STM91322
SMJ09035,CBK90497
SMJ09035,CBK90494
SMJ09035,CBK90499
SMJ09035,CBK90500
SMJ09035,CBK90495
SMJ09035,CBK90498
SMJ08130,21510
SMJ08130,21513
SMJ08130,21511
SMJ08130,21595
SMJ08130,21440
SMJ08130,21512
SMJ08109,21228
SMJ08109,21510
SMJ08109,21511
SMJ08109,21513
SMJ08109,21227
SMJ08109,21440
SMJ08138,24202
SMJ08138,24415
SMJ08138,24309
SMJ08138,24211
SMJ08138,24205
SMJ08138,24212
SMJ08138,24210
SMJ08138,24220
SMJ08138,24331
SMJ08138,24222
SMJ08138,24224
SMJ08138,24223
SMJ08138,24306
SMJ01025,33130
SMJ01025,37233
SMJ01025,37242
SMJ01025,37345
SMJ09036,STM90016
SMJ09036,STM90017
SMJ09036,STM90018
SMJ09036,STM90020
SMJ09036,STM90021
SMJ09036,STM90023
SMJ08126,21646
SMJ08126,21658
SMJ08126,21656
SMJ08126,21657
SMJ01009,33130
SMJ01009,37252
SMJ01009,37161
SMJ01009,37262
SMJ01009,37495
SMJ08204,24205
SMJ08204,24220
SMJ08204,24331
SMJ08204,24224
SMJ08204,24306
SMJ09033,70110
SMJ09033,79017
SMJ09033,79018
SMJ09033,79606
SMJ09033,79036
SMJ08219,23570
SMJ08219,21510
SMJ08219,21513
SMJ08219,85202
SMJ08219,91123
SMJ10159,22574
SMJ10159,22575
SMJ10159,22576
SMJ10159,23509
SMJ10159,25624
SMJ10159,22430
SMJ10159,21511
SMJ10159,23571
SMJ10159,25503
SMJ10159,24331
SMJ10159,23507
SMJ08223,81539
SMJ08223,94663
SMJ08223,81538
SMJ08223,81540
SMJ10089,CBK91742
SMJ10089,48451
SMJ10089,48033
SMJ10090,CBK91742
SMJ10090,41092
SMJ10090,48434
SMJ10090,48033
